,apen_x,fmean_x,fmed_x,intrange_x,mav_x,mavfd_x,mavsd_x,peak_x,rms_x,sampen_x,srange_x,std_x,var_x,zc_x,Emotion,apen_y,fmean_y,fmed_y,intrange_y,mav_y,mavfd_y,mavsd_y,peak_y,rms_y,sampen_y,srange_y,std_y,var_y,zc_y
0,0.7037158582338194,0.2973152863277518,0.30078125,0.5301138776641113,0.2397787945555267,0.38978380632090337,0.6288707177559286,0.45774526677244265,0.26949206028951644,0.7478184489642627,0.9370194939694285,0.2694920532310846,0.07262596675470573,300,2,0.5616051109818105,0.29819390257373124,0.30078125,0.16448920810001355,0.0757353198951967,0.1228027009046034,0.19849224538759538,0.1382488112239535,0.08472519355313454,0.5896286252681805,0.28956282213702034,0.08472171585576634,0.00717776913754521,300
1,0.6758949103240521,0.2864695836961552,0.30078125,0.5210558336143607,0.24064418023569692,0.38786353043809285,0.6287811602587294,0.4868054010972899,0.2695539043278719,0.7227933467049645,0.9784775656257947,0.2695506146064984,0.07265753383474101,300,2,0.8691545565537409,0.11449495989585465,0.01953125,0.16197977821077802,0.08669824229866431,0.12091332785485506,0.19546722859642437,0.30809708210908004,0.10415427507285896,1.0457346722233363,0.5874375292461551,0.10415421371637656,0.010848100234876644,254
2,0.8314189935713951,0.2987093849615759,0.30078125,0.502573129763905,0.2384522609581763,0.38159662631900293,0.61654359064738,0.52761280214374,0.2682202499011774,0.8250914935440505,1.0589535829085739,0.2679952009791618,0.07182142774786134,300,2,0.7379473237162619,0.2981085902170642,0.30078125,0.19282957102671922,0.13502353486685667,0.12558734072023825,0.2031551431864846,0.6954754011557039,0.18699127418632844,0.5370252390060043,1.2509992470304558,0.1868559133557254,0.03491513235600236,222
3,0.7416673443599873,0.27808852367044623,0.30078125,0.4832934914023749,0.2387127924985233,0.38099888913018076,0.6168760052154703,0.5444744904401936,0.27006520900879766,0.8884698491188737,1.0580037948760745,0.2698327991884715,0.07280973951788597,300,2,0.6824946833619223,0.08890255346550854,0.0078125,0.18382509652042672,0.10603429633101641,0.12177889558159836,0.19785849808799763,0.382164880204411,0.13558851398183328,0.7599542588269166,0.8286873796000767,0.13543689691680735,0.018343153046453904,232
4,0.6019131209500221,0.2938537571220052,0.30078125,0.5202988774297065,0.23764485740806554,0.3832550830994925,0.6197692428230589,0.49160629270348,0.2654458334947079,0.6303948091218903,0.9562865852920177,0.2654457951642835,0.07046147017039876,300,2,0.7635053535463574,0.1253323403782588,0.03515625,0.191766446720077,0.12131587996757404,0.12257403151319214,0.1970793517058378,0.5358197320330026,0.16196822544514794,0.7181633749090124,1.1222027276183,0.16189585912449392,0.026210269201657983,212
5,0.7835669169778119,0.29598116505906225,0.30078125,0.4993684172680054,0.239749017223439,0.3865412823866186,0.623766301905775,0.5585843369140688,0.2731167811896269,0.8569551823361607,1.204697793845177,0.2730587605703784,0.07456108672423126,300,2,0.9791043254158693,0.18109747690825848,0.296875,0.26409758376764886,0.20405364078008018,0.12108644993671544,0.19559159402524426,0.7821032277537223,0.2868497841750262,0.9901569678608854,1.7821922378272386,0.28591855744226435,0.08174942148986541,148
6,0.7777345671404392,0.2638158516847361,0.30078125,0.5066570630721894,0.2575985469448622,0.38307048860562765,0.6193803241105649,0.8977467213114242,0.30255655028237793,0.9053680564782505,1.7430799751331825,0.3025018451968111,0.09150736634747549,278,2,1.2865411542718963,0.10572050965796072,0.01171875,0.19440745357530376,0.11348173251060714,0.11894944624314435,0.1943879197447649,0.38229895648740025,0.14092641801438785,1.739115735742633,0.7774991471948918,0.1396690471934633,0.01950744274392988,178
0,1.0663339339560514,0.23682847889859263,0.30078125,0.5315685403124641,0.2647181547856688,0.4104974782747033,0.6661846857075863,0.7669694838072647,0.30582200548143457,1.284976588479023,1.6668509790931956,0.3058206738041683,0.09352628452603548,288,1,0.9276596267986159,0.22121431682741588,0.30078125,0.15616590677288483,0.07998693464257797,0.12162002217345691,0.1963473800978671,0.25068714989859403,0.09342342516491638,1.1054179295679891,0.5088205035988601,0.0934223893405778,0.008727742830102504,282
1,0.7110971086991671,0.29576938457314933,0.30078125,0.5377631337557023,0.2506107242024997,0.4040606583294724,0.6530792676670778,0.4862939659283652,0.2804856095495486,0.706570200892086,1.037955852408911,0.2804828023036329,0.07867060238809882,300,1,0.5177547573958203,0.2968831287556449,0.30078125,0.15885928277285866,0.07464529024173373,0.12070374622144361,0.19586045989610304,0.1463110465355057,0.08347383028294532,0.5348880315189393,0.2824939442643316,0.08347361454632672,0.006967844325428729,300
2,0.657180922688724,0.17623923269378117,0.30078125,0.5361111584107284,0.26097034636041144,0.3999881207656619,0.6470629212560637,0.7666543006344428,0.3018077018274856,0.714176186291787,1.5397211037418495,0.3017903894677559,0.09107743917509979,286,1,0.6482858392341675,0.13883684996873527,0.02734375,0.167732262107609,0.08326624389901566,0.12275340969597053,0.19810829146380174,0.28728654284905825,0.09762127207121389,0.7103522723662379,0.5730319321545883,0.09761819398925328,0.009529311797723487,280
3,0.6278048390469402,0.298254484304617,0.30078125,0.5358088550292053,0.24524654588902506,0.400125800585714,0.645235342033586,0.5316195955317614,0.27544690438839003,0.6425547025223117,1.0317584007709195,0.27544667333850376,0.0758708698532484,300,1,0.6407989598188921,0.2951963686258096,0.30078125,0.16478308327822194,0.07549454499969008,0.1228676142660653,0.19847405735884308,0.14235943826327924,0.08457505138704824,0.6501687825910181,0.2829845769881812,0.08457419663062196,0.0071527947357151065,300
4,0.7401827742223501,0.262000852567875,0.30078125,0.5220884660571423,0.24800629376866198,0.39840485227608685,0.6421802447902893,0.628430884303561,0.2813701052252118,0.8681183543633317,1.3210084463597176,0.2813586731146559,0.07916270293683979,300,1,0.8166333643898174,0.24085388441029354,0.30078125,0.17845897127723082,0.09975708908862188,0.12154636190499227,0.1956589512043606,0.39436558000739536,0.12399935542524718,0.8154622093313834,0.7564329770616343,0.12398932582160253,0.015373352917695513,237
5,0.8531331683763757,0.2413978292987381,0.30078125,0.4996053830941252,0.2595639069750623,0.39995722224030117,0.644864346889843,0.7622048509972313,0.30417829131074237,1.0028853553674424,1.5233694991405267,0.304071761440093,0.09245963610528085,288,1,1.1859320491144505,0.19919518780287132,0.30078125,0.1905091905403528,0.11588365579767175,0.12220942663290116,0.19734333160189213,0.3853461902158398,0.14414705913482537,1.4131702723495834,0.8382397329328446,0.14392931871901,0.020715648786918364,179
6,0.6610332350129458,0.21319384635867297,0.30078125,0.5346413582298414,0.2734552937883587,0.3943663362725742,0.6371564860103724,0.8739790043594339,0.32457265490026815,0.8032251698419235,1.8737096942985132,0.324459607024336,0.10527403659038657,278,1,0.7630003418700841,0.06364277408768265,0.01171875,0.1871036166756873,0.10702233517752194,0.12110241179151456,0.19596952939869036,0.49438798461554995,0.13504561256559794,0.6913240259984301,0.8829589519131429,0.13490695507391814,0.018199886527316172,226
0,0.905134375635166,0.29894764196378826,0.30078125,0.5791067222300605,0.2924379944257756,0.44699346179472893,0.7232812031139674,0.9057484179750348,0.34261876554709614,0.8547516604555467,1.7022174271660657,0.3426182904169772,0.11738729292825215,283,0,0.7855356848173027,0.29689600220995516,0.30078125,0.15471108105879025,0.07781782783082508,0.11710951827135692,0.18936028123602652,0.2452886225191052,0.09068787228429091,0.8061427087658102,0.4759295666431261,0.09068084309743933,0.008223015304862412,280
1,1.1471753878611723,0.27639354221363105,0.30078125,0.529589267380461,0.2718397388498898,0.4266986113310458,0.6918973190199703,0.6345141035551375,0.3131952270027538,1.4870307355629555,1.403745011194368,0.31319475973583866,0.09809095752598969,298,0,0.8836839381506283,0.28281889217802186,0.30078125,0.14664051052557353,0.07255851866319231,0.11582646016601363,0.1880141481826528,0.18974313129755827,0.08241282791466012,1.0346652385361297,0.37446741085369106,0.0824069377194172,0.0067909033842919065,299
2,0.910855727471449,0.20766980276556768,0.30078125,0.5685146193892711,0.2870240275195139,0.4413565345869232,0.7165698362300926,0.7934630101488619,0.33293556026877447,1.036754549049507,1.6570617001450567,0.33293105540484014,0.11084308765298073,290,0,0.9642847141997892,0.15080582520921115,0.03125,0.15895747507743233,0.08712564369173445,0.11633086343195527,0.18743122398388637,0.2544942314149893,0.10590761649109737,1.176291076111742,0.5046376773852899,0.10588610899072218,0.011211868077195097,232
3,0.8265127829892336,0.21960546577194642,0.30078125,0.5598731035817701,0.294910691096809,0.42051787522880646,0.6791904631958225,0.9926417500829692,0.35309614708453485,0.924489957890162,1.8835767718360648,0.35267369183591085,0.12437873291317102,258,0,0.7649890426334167,0.1647336342178713,0.296875,0.16671217928592585,0.09168615128932874,0.11789776295714137,0.19088627521762566,0.32705521817726413,0.11275537203775184,0.8693282803062478,0.6334468323403046,0.11248388661793063,0.012652624748675472,241
4,0.9243147562757645,0.2620229130770927,0.30078125,0.5173807141602299,0.2619633246436474,0.4188350451827521,0.6751010622482189,0.7086276460106735,0.30272573309269246,1.0187303191043175,1.2843423076804863,0.3022815804149239,0.09137415385814411,298,0,0.7240293953276229,0.23836450845886717,0.30078125,0.16007399298655722,0.07759180741148101,0.12050767907642197,0.19472889372392144,0.1688516139836486,0.08880484694654496,0.8092573124583602,0.3754412377241928,0.08860549913394375,0.007850934476775307,294
5,0.8146460676685008,0.2942533755514192,0.30078125,0.555556486845197,0.2675628278560411,0.41803961925560074,0.6769358048955186,0.7596858744109455,0.3060819587597348,0.8852290827106131,1.5375436593351712,0.30603507088127496,0.093657464609307,288,0,0.6479253025339702,0.29220711698322227,0.30078125,0.16120826001408856,0.07848625845698726,0.1194750472848967,0.1928266721794,0.2581453830987275,0.09108737531352491,0.6713159189027109,0.5298728004897939,0.09104783546116592,0.008289708342163542,278
6,0.9262582065739489,0.28943573922525906,0.30078125,0.4718614836133992,0.23348736237547638,0.3647587865040433,0.5887891719471832,0.5929358232542554,0.26935929969031236,1.1186311555586017,1.2796313363342833,0.26935388287393597,0.072551514219266,289,0,0.9507096240592787,0.267357298928087,0.30078125,0.1438348477321378,0.07502588213332351,0.11329754749787325,0.18317456129633716,0.21758490051117163,0.08762257427471207,1.187522446626967,0.44736471084997337,0.0876215771615119,0.007677540784270782,284
0,1.356541285276328,0.1453214109504732,0.12109375,0.2648280776240052,0.14497102339543103,0.10364265712244695,0.16461076487816353,0.5095889532137334,0.17562806209248047,1.7685026070637877,1.069220656713988,0.17549867474613856,0.03079978483765093,109,2,1.3194083928329343,0.22778010941980723,0.23828125,0.1596996200476234,0.10403804960269349,0.13842485088233442,0.2217612381813942,0.6243392141402854,0.1390126681264313,1.959515801111092,1.164898113072891,0.13896423305128555,0.019311058067532007,217
1,1.32450758579657,0.07260122045219305,0.0078125,0.12840982686133715,0.08025273879614016,0.07022118328148778,0.11204958537466474,0.36676761970096466,0.10340158046529832,1.7626549189073608,0.7959786828307651,0.10314063480340721,0.010637990547649814,145,2,1.3059512790465782,0.1922424060283917,0.1796875,0.07100787780490031,0.052543425918544176,0.06324150393210849,0.0976576302201492,0.516813716607293,0.07876532185658205,1.6776282939904426,0.9327008965827448,0.07869008033809713,0.006192128743616181,197
2,1.3197922931617008,0.11342791442718479,0.01171875,0.14029334302853796,0.08894502798790085,0.08341489388761117,0.1343756680554593,0.40270547515035165,0.11532458762373422,1.904621895537676,0.899944146896364,0.11510849488993717,0.01324996559582669,145,2,1.2785370098417372,0.19995706959610426,0.2265625,0.10587479624423565,0.07446978832488149,0.09995156254253897,0.16093500332208574,0.37850882444130346,0.10275815717072564,1.9058963882445674,0.7070350567756774,0.10275245560098323,0.01055806713203203,223
3,1.3579222696261954,0.0710252626713545,0.0078125,0.165258161642764,0.10017473105980843,0.09648915777214763,0.15301122158598018,0.4433497652488631,0.1278291469282015,1.9643404532606674,0.7893631695897165,0.12777639375388913,0.01632680680074892,156,2,1.3105530961915726,0.23544464414704294,0.25390625,0.13854357573820175,0.08889142817547005,0.12447608227479139,0.19662436851797158,0.4007751129444465,0.11703424626880049,1.9857178044227126,0.8730143452523489,0.11703391285881556,0.013696936759044835,237
4,1.3297750499430725,0.22077611666720326,0.296875,0.12220613089084655,0.0766420920472523,0.09346556706769152,0.15131041514706206,0.4831041554056022,0.10031534938856339,2.030011408994703,0.845174477614246,0.10027106171789521,0.01005428581803395,210,2,1.1829223627462202,0.2381209047743591,0.234375,0.12033903121182629,0.08807950891259185,0.12552140208434326,0.20166408903246213,0.6466541608808488,0.12463886934345643,1.6261493471606072,1.094661781736798,0.12463879343809484,0.015534828829704072,240
5,1.3202101490396236,0.16182176936524711,0.13671875,0.13691644974487358,0.08228399175924801,0.09989621488815116,0.16178260076552278,0.4050119923229318,0.10278500578570951,2.059812344319892,0.7466102186703402,0.10278493889383224,0.010564743663408826,211,2,1.3011866087215749,0.24190088317142133,0.25,0.1486441035406163,0.09296697441804423,0.12922808625169588,0.20681701454425108,0.36218215330957265,0.11999794196344908,2.0744642220791696,0.7092100722860983,0.11999438553844123,0.014398652560748073,227
6,1.3290633750469754,0.21908365566510973,0.296875,0.09363699719065263,0.05527982930280228,0.0774021925372478,0.12584154211140516,0.22558145108655717,0.06929207306074575,2.130975191795019,0.4625465610491805,0.0692850419998962,0.004800417044927381,244,2,1.3319523917614786,0.2331323960916709,0.24609375,0.11945010339985211,0.0714224806461797,0.09698702429124315,0.15631825259143983,0.3114527775084813,0.09225769274844416,2.1093301980817114,0.6173103085086018,0.09225702421330856,0.008511358516695001,239
0,1.206356026094304,0.11770321910121047,0.046875,0.19754798500905948,0.10866774463342758,0.06465105890144417,0.10396204027752566,0.28862022868162146,0.13034218398621775,1.4044751354472569,0.6374249434955428,0.13032902924290854,0.01698565586339891,64,1,1.0943398939525513,0.17634762382031446,0.125,0.08051694072466238,0.05089678334188937,0.04161468087759393,0.0666141248678815,0.2961704099763841,0.07001885477827863,1.2791878239319265,0.645041242808458,0.07001873209989411,0.004902622844876742,111
1,1.2484923192806248,0.08716662780912136,0.0078125,0.08947141733790093,0.0542075766211933,0.05904958486536874,0.09481485667465733,0.22078123696562263,0.06883285881341125,1.654984246042413,0.35838135764467627,0.06797409879088262,0.004620478106432671,204,1,1.2967995957485732,0.17737716471300127,0.23828125,0.03258836023690659,0.021234652852154517,0.023546346850721205,0.03834740599374061,0.1761669381745432,0.029668174282589162,1.6731732454898163,0.3327286129770676,0.029614162474548823,0.0008769986190689756,195
2,1.2483795323743498,0.19910718988458295,0.30078125,0.08330739127545914,0.05112796497613574,0.056431977651425234,0.09064739805253443,0.19793188316812957,0.06620415299578349,1.690715118889634,0.4576292152637701,0.06602225001927443,0.004358937497607583,223,1,1.3200762826921437,0.059895120507656316,0.01171875,0.037250792257179116,0.021380122800899758,0.019492170371286265,0.03126813522277566,0.10565280265239285,0.02716942975562432,1.7567626271909587,0.16721340077145486,0.027094851651478697,0.0007341309860156378,121
3,1.1628083092189767,0.0398873816558586,0.0078125,0.10630972478412738,0.06525131309224395,0.05602589889224347,0.09002075666090764,0.2213144957052338,0.08270656579684041,1.4170131335185514,0.4661816202548762,0.08267486029837529,0.006835132525355871,157,1,1.299530065376266,0.08067130918647322,0.015625,0.04598109873844529,0.02485127190956255,0.019881542811663783,0.031989347026677974,0.07111531029147179,0.030152174810471173,1.675719836818548,0.1456706602990634,0.030149435403970894,0.0009089884551782136,89
4,1.2000290757772394,0.145553391923849,0.05078125,0.0747719456594118,0.040417057814403023,0.055449566287374456,0.09049429915479497,0.1669026834376322,0.04900353024607099,1.6695444570454454,0.2839707773150887,0.04893743234265832,0.0023948722842922605,259,1,1.335611829809067,0.07189292929816045,0.015625,0.038375454330733895,0.021470990291541554,0.018662958047774278,0.030361865992144174,0.07002524683068918,0.026196844136089678,1.8132314671183845,0.13872178569430998,0.026081408677468883,0.0006802398786011492,134
5,0.9554424694010062,0.1421519930615224,0.05078125,0.12232555360828859,0.09817716248238431,0.05522478396213597,0.08947572544353934,0.3865704597641895,0.13851270116384695,0.9467886482870826,0.8673033545339982,0.13849877227823182,0.01918190992257751,150,1,0.8697009707213117,0.14781300820340837,0.1015625,0.060639326923913835,0.05111831675437728,0.018691836361529688,0.0299368190739447,0.23106631587248774,0.07352638208392702,0.8920878698113386,0.4307120037687251,0.07351175872599904,0.005403978670989496,104
6,1.167157644383555,0.11866831521074833,0.01171875,0.07566584485287223,0.04287486232004399,0.056203791679950904,0.09166815816564762,0.14081774111016573,0.05210577184118825,1.5261641841791176,0.27290450341466865,0.052071268373617086,0.002711416990037255,238,1,1.3292479852722927,0.11160713254371994,0.0234375,0.04076679038341946,0.024587128186024203,0.019265578455234328,0.03066186052409713,0.12670054112925833,0.030610504053417847,1.6996724993052987,0.2035937213541044,0.03039008535286359,0.0009235572877543341,104
0,1.3072265816835218,0.23822777979070758,0.25390625,0.29626834447542005,0.18465105652500818,0.2532148353729251,0.39685763760903203,1.0000222900411835,0.23353155376428086,1.9397436341396495,1.7183096920722931,0.23351885220069013,0.05453105433312776,238,0,1.3433205575996618,0.1938465479846081,0.19140625,0.0750029577138705,0.04206053271380375,0.054351159173182485,0.08540896265080551,0.18238092601926192,0.05293420816807808,2.0944794190443763,0.4040023029030479,0.05293409934207041,0.002802018873156179,214
1,1.3263514099736415,0.2445638755352392,0.26171875,0.3565170042603135,0.20544933139038488,0.2808535477727802,0.43903489903341875,0.7045969323999107,0.2571544484363893,2.1012055295643077,1.5376034948417774,0.25713953067622547,0.06612073823638949,242,0,1.278161866239139,0.22836803172280948,0.25,0.08197471179535788,0.04825113994468563,0.06438933782605896,0.1013554619865758,0.1697341387031506,0.059991316796991725,1.9519775475185823,0.3878542240974478,0.05999131156290128,0.0035989574630370925,236
2,1.2520114971310106,0.2437915249372663,0.26953125,0.3429115012018922,0.2055832975577926,0.2981711622713839,0.46631700228877115,0.9126641816708181,0.2629105091185875,1.887931558831475,1.69102264793526,0.26287065373172996,0.06910098059334709,258,0,1.322672857899735,0.23217678037921488,0.2421875,0.08502700898223102,0.04979729008511395,0.06683897354069954,0.10282702363227555,0.19018217850846478,0.06212155519647045,2.1935139979396836,0.3720275031767114,0.06207257196909217,0.0038530041908581263,223
3,1.325151731994434,0.07667314828352267,0.015625,0.20622144825253247,0.13650522467866863,0.14740161620248432,0.237890100523533,0.564521463042991,0.18142232891134666,1.931197239974654,1.2218100008725734,0.18142230686482316,0.03291405342815406,187,0,1.3010873377952774,0.029634976557069276,0.01171875,0.08066328889951564,0.05494557128112623,0.03783221941299357,0.06000609947045661,0.2426732169022688,0.07506615183696881,1.6300831969591134,0.5039632644569895,0.07500940841783174,0.005626411351193086,131
4,1.2793108938475433,0.227714255067753,0.24609375,0.21012137944368658,0.12911147134686737,0.18636165203067837,0.29430580003855766,0.44251598663962244,0.16686088230684076,1.9888606273512854,1.0052215277428505,0.16683405012372318,0.027833600280684982,258,0,1.2908946052293695,0.2301343640026071,0.29296875,0.0477311008094643,0.0291217709552493,0.03987316583091405,0.06298174717054678,0.11326606384872413,0.03662929414213743,2.0500276564735427,0.22706685720772807,0.03662223545557951,0.0013411881297639046,245
5,1.2790779883684333,0.24332944527898379,0.2578125,0.2084770436539235,0.12790307469994905,0.17051165102680654,0.27178803353447295,0.5828016713159531,0.16375400487706965,1.9141278129857136,1.0270594369101018,0.16335086079291888,0.026683503721787568,246,0,1.3437039470430285,0.22418254654541095,0.2578125,0.04337913820738308,0.031991673302814286,0.03660253393542575,0.05755738297517575,0.11404409970475617,0.05046837918864647,1.6727179020148786,0.42952211417560743,0.04991735131780176,0.0024917419625848456,222
6,1.2890466747810834,0.14939429056520734,0.15234375,0.3221000936658851,0.18746807800213458,0.2140388548783984,0.3387520938121876,0.8625641792546382,0.23331109236893935,1.924677928949539,1.559339709696288,0.23308253102412518,0.05432746626861228,202,0,1.2772313484936633,0.04265313523281187,0.0078125,0.08693861282037516,0.062348211917744985,0.04796536589736681,0.07485172691980166,0.32847470461794886,0.08806657103831987,1.4647719701662096,0.5304900975427701,0.08777820966935101,0.007705014092756548,164
0,0.9614695884117039,0.20691032599771042,0.30078125,0.057916105387423616,0.05363041516020171,0.02472120653768671,0.03929392509389731,0.2828341443967187,0.08206365271083703,1.012177335942687,0.5555342866114801,0.08205311772275187,0.0067327141280237755,140,2,0.4289004416845983,0.24020630990430825,0.30078125,0.060542983652320026,0.10531491495327537,0.024590563504827582,0.03697037012562806,0.6023026415328943,0.17872090220683956,0.2744608239295307,1.1362680384318982,0.17869820320175522,0.0319330478275358,145
1,1.3609687880787282,0.09926687923071296,0.0078125,0.04123811230060301,0.02358443860958254,0.025877235821808706,0.04160004412034612,0.08473296044733183,0.029266205599918715,2.0031026245809778,0.18016989046623372,0.0291796986399357,0.0008514548127174652,204,2,1.247184519833651,0.060659244563091644,0.0078125,0.040644274596937875,0.029541454467025538,0.025973835154247758,0.04170540168925765,0.1913491862889654,0.042186928342792564,1.5918866673692333,0.28713866264208443,0.04214776720729154,0.00177643428056004,166
2,1.3777926749008431,0.21626129121588364,0.30078125,0.033266512555752595,0.01860260982757289,0.02481935686916554,0.03990901803000166,0.07127249040358928,0.02249508328144253,2.131074452304307,0.1408910189964922,0.022486750217224172,0.0005056539353318313,242,2,1.3669066055191603,0.19771174408470707,0.29296875,0.03153049248574313,0.0177460570339977,0.021902787033242617,0.03576021188737536,0.06579232001414322,0.022359310100417713,2.0717527447671675,0.15098137400570638,0.022275701579158556,0.0004962068808437271,219
3,1.3597907542452896,0.10274016115325811,0.02734375,0.032779725309701135,0.019155024588641028,0.02507516068358685,0.040309000458248465,0.09553722360551195,0.024073847167827973,2.0464748164180784,0.16376402891973688,0.024070992756919044,0.0005794126923036492,246,2,1.3803770690669719,0.12030150841534754,0.05078125,0.02961885128497481,0.01904841558025182,0.02242749508927294,0.03596224879361186,0.07416872201129919,0.024680019120137158,2.0817220443785613,0.19063500713144854,0.0246707408447229,0.0006086454538274787,199
4,1.0754822338475214,0.027403270662885643,0.015625,0.057076289869271976,0.04823510386528139,0.025619009082820755,0.04170246152074154,0.29860745311146514,0.07091535900652478,1.1939050227069574,0.5185744114217071,0.07081205534779028,0.005014347182578514,141,2,0.6190053983755557,0.016046234299398686,0.015625,0.12565392751128382,0.11631116345795542,0.03518234129835094,0.05507077494480812,0.674053416325415,0.17711399454915108,0.5434999575891805,1.2617713063347362,0.1770075587821207,0.031331675866005916,93
5,0.3136048328918446,0.006143120035303467,0.0078125,0.21813951664913425,0.2014496728125183,0.027423933904780217,0.04073098089888103,0.7166589679739772,0.3032181768594472,0.220613951590906,1.716669914355847,0.3032039387379514,0.09193262846620737,49,2,0.7815084236369807,0.010061320313944317,0.0078125,0.19014260477589845,0.11386937646871367,0.028040891146537593,0.044377374477207465,0.36081204594004845,0.1443225320027839,0.7662583347804195,0.7139014272923647,0.1443020001707219,0.02082306725327102,51
6,1.2402248580589585,0.14992483979255583,0.1171875,0.03722422930989641,0.03076193038786807,0.027240157564203556,0.044182980518519065,0.37480197043563096,0.05938425480875461,1.363743535597994,0.4515320608079063,0.05842520196972831,0.0034135042252035445,211,2,1.1281720584180737,0.13653320476810674,0.07421875,0.04313585763369372,0.036873764844063246,0.033306525217292764,0.05439691793697957,0.5302729535153141,0.0734974624350818,1.219885522785985,0.6808191788966114,0.07158079275918393,0.005123809892033238,179
0,1.1947394049381823,0.06255217858003338,0.01953125,0.10000885771626589,0.06506474040226964,0.03203535354450434,0.051125607443891136,0.24689322310049275,0.08690792767297256,1.3196111346878858,0.511488306930072,0.08683178584839016,0.0075397590336206905,112,1,0.6134855546235864,0.025195628338945418,0.015625,0.1423149827036495,0.12078424280834937,0.028384589710723006,0.04099828723607939,0.5271820100487418,0.17629531435149623,0.47417058197853784,1.0788552361657515,0.17612301826244917,0.031019317561875006,102
1,1.3002845795711933,0.15302466450864763,0.1015625,0.038099556091920006,0.022257833461399146,0.025847167351625275,0.042102141656695014,0.07397829934742606,0.027043145331090698,1.9543930710497903,0.14353735109537244,0.026732623493760984,0.0007146331588591817,204,1,1.3309601359958014,0.10874172920821959,0.015625,0.059089241962490824,0.03228684993039209,0.02573470873459696,0.041342182387319196,0.10010147116618073,0.0393114184263684,1.8337383505667164,0.19938095720372284,0.03867305961562629,0.0014956055400337852,135
2,1.019088558036315,0.01607102543172252,0.0078125,0.06701383111736198,0.05302336593458759,0.024762913889368084,0.03938299612689699,0.25043000748416105,0.0761995965645343,1.1392087786209417,0.5026960426350087,0.0761990995932808,0.005806302778826726,107,1,0.5366675375985963,0.009054235545368813,0.0078125,0.12614769297630044,0.11028987525983337,0.022471679096563252,0.03302299124626207,0.5666607803339809,0.1681689807264333,0.4876829574866652,1.0673929278779273,0.16815807889651632,0.028277139498167004,55
3,0.9388060642907488,0.21864054294855528,0.30078125,0.04569690397083878,0.05245486907139143,0.025749497847981504,0.04112928120989428,0.24601758956408956,0.082238139292806,0.9146617353827915,0.5055900786808984,0.08208311407039998,0.006737637615494294,182,1,0.49674625391259175,0.17095478991249016,0.1328125,0.06271342759414697,0.10897850879430598,0.025644244155604425,0.03706595598474575,0.6074669857792778,0.1863063996820706,0.38028837590531556,1.060177824466797,0.18587715559357396,0.0345503169715577,123
4,1.2581279399675163,0.05393680677963478,0.0078125,0.05818416792128052,0.03347593210313011,0.025718154048564357,0.041962653821311556,0.10602972033533346,0.04253063017841991,1.623379156996184,0.257129055925284,0.04227840435842385,0.001787463475094393,120,1,0.9560664618332222,0.012204034754167668,0.0078125,0.07442743747429165,0.06388408788324403,0.023279736674369018,0.03717807422643501,0.24882853195517912,0.09046258895638938,1.026088655764105,0.5345622557055076,0.08955599188110787,0.008020275681809057,95
5,1.3081895385663094,0.23426498902819157,0.30078125,0.03180444907538854,0.018515549350009715,0.02587158677976684,0.04180371008721244,0.06282947988123998,0.022752036914927127,2.026228924422401,0.1310330335554698,0.022693693604546514,0.0005150037294170353,247,1,1.3503639911030962,0.19841735010658365,0.22265625,0.03095675149594934,0.018748903560832204,0.022846708503731886,0.03665970342006482,0.05981634839116182,0.023658645785756844,2.180386585769963,0.13402951573240468,0.02362761689051473,0.0005582642799249369,188
6,1.3353549122792887,0.2606313222481647,0.30078125,0.03175178967944366,0.021015928651319227,0.025943240087465437,0.042138868122094116,0.2450170312443274,0.03425779947460989,1.5520124402403146,0.2968298389727407,0.033872036179359376,0.0011473148349358307,263,1,1.0861295113770546,0.15281342313839386,0.1328125,0.0372565439277958,0.03239435110366524,0.022346889620667533,0.035928678784828284,0.07125822467847504,0.07483909988109157,1.0820082576944898,0.5986917589039675,0.07379960437965669,0.005446381606593841,165
0,1.2250126657302696,0.10107137586140205,0.015625,0.03636189828890912,0.02617913470597876,0.02335104597659726,0.03677204491626928,0.26894251691889837,0.0448181197963894,1.28821911866457,0.3347511190873795,0.04453511823245234,0.0019833767559785088,211,0,0.9749583480088941,0.07576440594745586,0.01171875,0.03686213209252674,0.03647726481284479,0.023307149051435265,0.03551444463862675,0.10579219321650776,0.08082304013425043,0.992815764968371,0.5988602049451841,0.08001907875099616,0.006403052964158126,181
1,0.9439155488641888,0.012331708452550879,0.0078125,0.06661741756699296,0.055157903749627285,0.024181574886355937,0.03809666682506171,0.18269040996553804,0.08146928287479115,1.0271398644132863,0.47244294293897404,0.08112856485272649,0.006581844035063048,117,0,0.5615936347903041,0.007137479711530582,0.0078125,0.12181744797009415,0.10492669587111439,0.023382411523107924,0.037062503296081906,0.6114511704686758,0.16009977281710736,0.4928504297871033,0.9220400418262831,0.15930068982393475,0.025376709778381464,46
2,1.0280472756043948,0.024730799596010586,0.015625,0.0798088740280622,0.05886809791523784,0.024622562430835437,0.038951709888468126,0.17582716699608178,0.07845366553335702,1.0203600917683615,0.4279938076052192,0.07843288370987275,0.0061517172470464225,101,0,0.5494514077684474,0.01609690396687504,0.015625,0.12870977631101566,0.1156257327075919,0.023805112950198274,0.035080280292025263,0.5507583156344377,0.16495989115949047,0.42840641492777093,0.9624723755585661,0.1649248510988633,0.02720020650998223,75
3,1.2907636897095407,0.13244419479154462,0.0234375,0.03857042008040727,0.02563129803971218,0.03220401992225197,0.0528803773910983,0.42120987020619427,0.041378375027740597,1.549309742707397,0.8026384273050395,0.041326270708423464,0.0017078606506658995,207,0,1.3891362512720038,0.14517441795640884,0.13671875,0.04500881594991646,0.028092620005849247,0.031980624805331266,0.0513830129439942,0.20632957744871122,0.03646850006746722,2.0600435456241475,0.3902104149383544,0.03639238582567218,0.0013244057460845855,195
4,1.3374797821376996,0.20858862613802412,0.30078125,0.03161347612933312,0.01817797896249789,0.026130748767001114,0.042577607190310424,0.07116579950006136,0.022583078149802347,2.201618703047682,0.13815732542545872,0.02257102097127302,0.0005094509876856465,254,0,1.374601308201112,0.17672290011557534,0.21484375,0.04018344325729558,0.023408227650872727,0.027649131441396177,0.04487242718124138,0.08625075905828877,0.02943844578373138,2.2034127158949213,0.1838121507767767,0.029436369293407965,0.0008664998371778913,205
5,0.9937617269517269,0.03402540664219206,0.01953125,0.06987728873349575,0.06169522725018893,0.029305672774595407,0.04663717079013491,0.3007326883455881,0.09141480713763589,0.9952007002844744,0.6031157973063064,0.09139991194582565,0.008353943903704683,143,0,0.6577699813529057,0.018484668499977715,0.015625,0.1229590811401773,0.12290286981983387,0.031955008098763504,0.04729014629481977,0.6926890935564973,0.1950135812786556,0.5727486767371456,1.2714760494093624,0.19501087566066264,0.038029241625938424,75
6,1.3009504513711816,0.2192851081419638,0.296875,0.04803345243707547,0.02993139190380306,0.03980623405907837,0.0637422356718822,0.15046608767332323,0.038588142144132836,2.0003532395275334,0.2616531912451005,0.038579304900578745,0.0014883627666118192,237,0,1.3724822142215034,0.2205061999749935,0.24609375,0.040484816617896435,0.02409531511255628,0.030413630055624336,0.0487664967282444,0.0917311117112632,0.030611558720581536,2.188024880437796,0.18586635394786738,0.030554892978026337,0.0009336014848986431,206
0,0.21342812362905272,0.3002158557015483,0.30078125,0.7050147860512002,0.3225324684599194,0.5232839052290043,0.8456192641611654,0.5553038036506218,0.3601197512748669,0.22439736154785495,1.1160170189988343,0.3601194415038797,0.12968601214906625,300,2,1.2420130258169797,0.25095421551713304,0.30078125,0.01919030400080364,0.010208732725319284,0.01415279352584381,0.02316063054987768,0.029632682610756307,0.012146820836781314,1.7207998012489332,0.07004165258364395,0.012143068518794896,0.00014745411305214768,258
1,0.41105621618729904,0.300171722407569,0.30078125,0.6939573211674182,0.323341232846532,0.5188501681422915,0.8408504278704623,0.6710054195145807,0.3649225136500343,0.4200601363138732,1.4168949764231948,0.3649126551721209,0.13316124590476722,299,2,0.24326717415666144,0.2574468358223578,0.30078125,0.03723949210477318,0.1096807439342246,0.01599640706147175,0.02238503023162461,0.5651757101367451,0.18492176356458168,0.04800232285705355,1.0643344117699112,0.1847656011637573,0.03413832737340463,166
2,0.2951579071827344,0.2970164107870199,0.30078125,0.7048530156687723,0.3206145957396691,0.5202967343946794,0.8407104531836419,0.5569830461494513,0.3574542265698121,0.32669251810878613,1.134533839670805,0.3574349763177205,0.1277597622952494,300,2,0.87424000962364,0.009095378703228001,0.0078125,0.03587566310572417,0.03627444024764176,0.013941389939934568,0.022917885724038124,0.1755947745580942,0.054722035043652,0.8773641961119609,0.26334776193671516,0.05412748251644122,0.0029297843635676503,130
3,0.13793089618478227,0.3001947294216736,0.30078125,0.7144183769022031,0.31928243693948744,0.5197003390820024,0.8402400043033893,0.529854911772874,0.3559151050196964,0.14922497509325033,1.0518186331120636,0.35591107759504104,0.12667269515486332,300,2,1.2354184774262515,0.2215325337493505,0.30078125,0.016734097317644695,0.009131458796125006,0.01348005918111498,0.021946787065397103,0.024913502187543794,0.010859828631237368,1.754228149501795,0.049875910638185375,0.010859626495751949,0.00011793148762723775,288
4,0.16533541747563163,0.2999928538652421,0.30078125,0.7115490861335866,0.32027644779008874,0.520689861813605,0.8420113560086219,0.5324007041533383,0.3569351841660806,0.17846294248391972,1.067199843251301,0.356930970201496,0.12739971748898124,300,2,1.2875772382348858,0.24542331283466473,0.30078125,0.01699859942022462,0.009590476985839796,0.012942876132824051,0.021102710441322885,0.03219585360257322,0.011773196858646924,1.9774166516008176,0.06172755185758072,0.011763115097400455,0.0001383708767946905,258
5,0.2464909445837118,0.3000637317531349,0.30078125,0.7052586707328563,0.31961453815630014,0.5201428914579269,0.8396991946495268,0.5725361082510685,0.35656842275952977,0.24402451878412762,1.136086866325002,0.35656521939243424,0.12713875568037478,300,2,1.1542325433816543,0.22569144013575484,0.30078125,0.017157984319867856,0.011497048232600907,0.012443447426331359,0.020347871460185525,0.0533041971324098,0.016090784657901803,1.3938614312792208,0.12586571574913064,0.016077797942410144,0.00025849558667696783,247
6,0.2143414833144357,0.3001264462587953,0.30078125,0.6902983164324127,0.3184978634998591,0.51810836245704,0.8392704985445011,0.5790279796225172,0.35534299837677685,0.20670458729143984,1.1382173844224364,0.355342751309348,0.12626847090809715,299,2,1.2576246293702296,0.1324612599223601,0.015625,0.02101463152909451,0.013561958239959935,0.013127534543273332,0.021188567275277407,0.07014650120351669,0.01822684299977904,1.567020839530762,0.12868884009089954,0.018224941704496185,0.00033214850013228427,199
0,0.16508234958335422,0.300042907155171,0.30078125,0.7193086752973155,0.3282343910810438,0.5337004265345757,0.8640613381451477,0.5486499600752056,0.3658299419817328,0.17892518401728344,1.093716129798215,0.36582991724485486,0.13383152835137735,300,1,1.150639066593139,0.1003118760224027,0.0078125,0.023385291806997784,0.014221150875425507,0.016937799338337167,0.02743822143104355,0.044257613171991804,0.01773526554952546,1.4873070438416136,0.10146204546637455,0.017726595504395332,0.0003142321881764488,227
1,0.11826833880405863,0.30022823744552546,0.30078125,0.7113551169633392,0.3268243672560375,0.5320967044523292,0.8588857672912964,0.5372073019137324,0.3653853799926115,0.12779609910450596,1.068936810188021,0.3653820666123916,0.13350405460194215,300,1,1.037284050656944,0.2820841009605855,0.30078125,0.020899775995510707,0.010627079039002466,0.016686132126758645,0.027161665255854815,0.024470562793620722,0.011992089371563328,1.2797413488753056,0.05138382333716328,0.011989484031571908,0.00014374772734331777,300
2,0.2297385616505978,0.3001747396986612,0.30078125,0.713533245739291,0.33819885924270465,0.5336688890012089,0.862663586518485,0.9182866238150558,0.38627639023085797,0.2132738014500154,1.918357254204167,0.38600589333830754,0.14900054969190485,292,1,0.0418960635826261,0.27117762250598987,0.30078125,0.023167280747728558,0.09824786830966847,0.020667173330413888,0.02709592271688865,1.000024875435621,0.26141250874009964,0.005063357209480397,1.898913187251274,0.2595978777276855,0.06739105812071836,257
3,0.46412667449099576,0.27195814802270213,0.30078125,0.7036564872452759,0.3344282099077342,0.5336315454393146,0.8621447483195538,0.7851405957266538,0.3781068907302804,0.5556960694613909,1.4651186105846952,0.3779021214876897,0.14281001342489658,300,1,0.28778879620057607,0.005476926620151912,0.0078125,0.15798375855348332,0.14033806818921316,0.0175704345622793,0.027199176489963072,0.43648714832199814,0.20060807606677747,0.21911497422482148,0.9999758473345077,0.19852922727051506,0.039413854080627815,23
4,0.17026193516360077,0.30012893923705397,0.30078125,0.7062255401924245,0.3255335584399862,0.529401641621866,0.8549237484551229,0.5578920402293996,0.36379688698991497,0.18262235390857032,1.0960250202319033,0.36379659316931134,0.13234796120159745,300,1,1.213374685514415,0.22550369632773581,0.30078125,0.02195231386156017,0.012101898466547755,0.016434340289266818,0.026642054491006054,0.029711875031266904,0.014611370512058328,1.6725012894776496,0.06526000962433837,0.014549498867591342,0.00021168791729804176,260
5,0.19835238495445928,0.2999597737076985,0.30078125,0.7247416206646928,0.326652001665661,0.5318891653990087,0.8606619946253586,0.5453392919412713,0.3644975909904142,0.22190311286696068,1.0976437963428594,0.36449751715396145,0.13285844001140243,300,1,1.1421006468801398,0.259010719735604,0.30078125,0.020825803174020496,0.010543750698493662,0.01627813378576272,0.02641970721044484,0.030001039146395885,0.012285178509182473,1.4651344228276666,0.056562801937295154,0.012275710796488664,0.00015069307555902833,294
6,0.12574405799840305,0.30001781966153357,0.30078125,0.7244506271962885,0.3247623353773551,0.5272297386754187,0.8519316767860928,0.5402956247249011,0.3610655872217678,0.13647057235156473,1.0730812843853421,0.3610619704116698,0.13036574647755753,300,1,1.1557907704320858,0.2546293116660351,0.30078125,0.02013205592602301,0.0102682964592831,0.01594955308604928,0.02588528877125261,0.03260114510695818,0.01189297097965106,1.5429928130259476,0.05795042413132966,0.011891901265824087,0.0001414173157161085,298
0,0.34892152961208156,0.29771510558909864,0.30078125,0.7331601865003303,0.33197518127276937,0.5396117958635457,0.8743122795742637,0.5653916878767284,0.3699637887921301,0.37547223198412494,1.1572711424924473,0.3699633362606565,0.13687287017711555,299,0,1.3379319819327957,0.24100176515691796,0.30078125,0.026257716897401272,0.015231674776822078,0.021323652393595387,0.03469334927432102,0.06045837851939986,0.01869239562045823,2.19863900472903,0.11428369727311882,0.018678737042659484,0.0003488952175088196,260
1,0.2266018371075984,0.3000704719340485,0.30078125,0.6980565056310034,0.3278000013865534,0.533154027094811,0.8609897486597181,0.5661293693480486,0.36678039604305324,0.2452572055740463,1.134112153226459,0.36677969562629426,0.13452734512371706,300,0,1.2220833928507595,0.27263208952321477,0.30078125,0.026473961403306732,0.013995469109274182,0.020867380793016612,0.03392391946077372,0.03521597031405245,0.016488357024079112,1.6980366576504384,0.0841400904817459,0.01639992070379185,0.00026895739909066054,285
2,0.3248854088179365,0.2998634852660551,0.30078125,0.7530908986069589,0.32902111067561385,0.5357121249686903,0.8680400120585038,0.5867174572968398,0.36691577994559466,0.3361290460899032,1.1987401177256571,0.36691522981887986,0.13462678587304144,299,0,1.1227078412113514,0.12389739596113529,0.0234375,0.032114366103626585,0.02150889564662021,0.02105024921071004,0.0340661707556793,0.09992443810858069,0.02888363693636976,1.3822480065094194,0.1854601749932887,0.028822769759833482,0.0008307520566283715,192
3,0.29206920340429,0.2991660072161487,0.30078125,0.7137767905018895,0.33032677379419445,0.5362331319598964,0.8670131516955962,0.6184057859815584,0.3686069352797142,0.3144310197536521,1.2056817793385486,0.36860233991040825,0.13586768498742813,300,0,1.284711603800158,0.21888974200519476,0.30078125,0.02501144939885954,0.014359908528141637,0.02049847893918803,0.03328534867466443,0.04838069608883574,0.01752482432641574,1.9326905465766038,0.10618071420422973,0.01751918155277754,0.0003069217222791809,272
4,0.5392407941821427,0.2967603937765104,0.30078125,0.662157624407119,0.30345939355156754,0.49186595706198283,0.7969759346878648,0.5534200619141656,0.339461652331149,0.6039890573652086,1.1559635877152479,0.3394473757890345,0.115224520930062,300,0,1.2762719929392183,0.27492427926502505,0.30078125,0.02492681187793607,0.013203822413396026,0.02040570785819838,0.0330907417257068,0.0543549264614302,0.015865947619597726,1.867745376205977,0.09899058931613017,0.01585304066497732,0.00025131889832542446,290
5,0.33000520637810604,0.29754476489723447,0.30078125,0.7247222258949271,0.3250292884865839,0.5273489435722558,0.8521723311157652,0.6046370000435892,0.36179579022469294,0.31873837460449267,1.1837232037292345,0.3617912931466552,0.130892939796729,300,0,1.2976407950423177,0.2412482850206675,0.30078125,0.02454186433048642,0.012877429554931747,0.01950134699996217,0.0319145807397799,0.035118342307991504,0.014902058223918185,1.8548708812598302,0.06522808211409556,0.014901965060925544,0.00022206856267704565,292
6,0.17569967357425353,0.2993742930758327,0.30078125,0.7154913676219916,0.32856424563570374,0.533954543335226,0.8647273732129677,0.5536031793940688,0.3666109656211661,0.18744348105058278,1.0969695011841492,0.366610351500726,0.13440314982748588,300,0,1.2273387724569425,0.23787187737891508,0.30078125,0.02423982952833875,0.012767368438800723,0.0192737258205915,0.0313501054679522,0.04426973425151922,0.014945377162277758,1.705035737861004,0.08076398310000488,0.014943585300035206,0.00022331074161942828,288
0,0.6498536064558893,0.26731492121616973,0.30078125,0.4956069306102566,0.23835516529981363,0.3832681546846859,0.6174521367042173,0.5583029549662379,0.27130283083674706,0.7461046231350467,1.1019214464881806,0.27128826985135895,0.07359732535894375,298,2,0.7063983539134413,0.29205886142616466,0.30078125,0.4070543055025725,0.18991517674391542,0.3055259908341928,0.49408388636695144,0.3858543944461476,0.21318435382439996,0.8072269116898457,0.7547221198379853,0.2131763497016818,0.045444156072133736,300
1,0.5789423735559907,0.29285747863141365,0.30078125,0.5060643837315117,0.2359788580090983,0.3823314710788955,0.6192807180551985,0.4533737215594618,0.26411099768057356,0.6337643321552826,0.9025645264313962,0.264104724080187,0.0697513052814717,299,2,0.736387680165798,0.2923552770551281,0.30078125,0.39767692094520385,0.18813040211128546,0.30423412344649425,0.4927915378451528,0.4280209941969896,0.21132282190023705,0.8056841001882145,0.8145809637559567,0.21128742218853933,0.04464237477507806,300
2,0.5803165419698693,0.28886018181251755,0.30078125,0.5027698955255107,0.2366539327966595,0.38283569099653797,0.6179739465281439,0.46853260921390344,0.2668211983439257,0.6658206675145748,0.9480739165521395,0.2667966004883417,0.07118042603213581,300,2,0.8778963714450398,0.292467217833435,0.30078125,0.3971653785876149,0.1866441262528717,0.30173002643477886,0.4874885259773393,0.39452999697229324,0.21043757233439972,0.9732514565952053,0.8003460275477388,0.2104375416239071,0.04428395892471364,300
3,0.7454010057228002,0.2489377059277841,0.30078125,0.5006672333739876,0.24461992050565298,0.3847660492893023,0.6225079914147915,0.5616917437121036,0.2818894075847116,0.9349903020146837,1.1486699440567185,0.2818691467931289,0.07945021591388646,300,2,0.8712852552115553,0.2813781374775102,0.30078125,0.39265860530454444,0.1885537922460245,0.30304623780933987,0.49074907699128806,0.48495871303182747,0.213683554583511,0.9867093051125471,0.9823459300086594,0.21368266397744853,0.04566028088449918,300
4,0.6390226699369599,0.2806478070082,0.30078125,0.5024680833965322,0.23931544978360375,0.38553786603201406,0.6218310500590808,0.5269761548329664,0.27015969736503825,0.6727141950260082,1.0628731920954495,0.2701378914228473,0.07297448038238204,300,2,1.0183013053310397,0.2532079715340175,0.30078125,0.3944514614239597,0.19617155289239424,0.30900758820494184,0.49547915350147437,0.5059722656296328,0.22795536792595203,1.2889253906993097,1.092762942739831,0.22794534676248077,0.0519590811106676,300
5,0.6582477842673455,0.29510830965821166,0.30078125,0.5057033006295979,0.2403662483251939,0.3856886495651769,0.623027939872982,0.5858541514619134,0.27168033151596566,0.7923089594471979,1.1204454609761887,0.271680316611477,0.07381019443411238,300,2,0.8506204880662454,0.29500663590409,0.30078125,0.3899971074918929,0.1954847108102645,0.30464325861394526,0.4939239985412568,0.589814492609935,0.2244612299345932,0.9986443702614578,1.0381630499418528,0.22444104635969628,0.05037378329103533,296
6,0.5579031045320857,0.29662244537317783,0.30078125,0.5136484144367559,0.2372916101157959,0.38385473658227304,0.6196464685335243,0.48057624712548985,0.2664545940234764,0.6178622131744937,0.955365440721426,0.26645428040480534,0.07099788354604263,300,2,0.8388847353838789,0.294258355533895,0.30078125,0.40423496772980805,0.18794129959730452,0.3036391092061596,0.49026415483975183,0.378142314917829,0.21125127718791564,0.8831713031433714,0.7587408325375787,0.21124993126561892,0.044626533459728716,300
0,0.7004632643616753,0.2875697451723812,0.30078125,0.5069724732151982,0.2389736398752699,0.3848338990015771,0.6229833416615613,0.5122818140672799,0.26861595261218146,0.7839637679865145,0.9671506631423148,0.2686102356907973,0.07215145871786567,300,1,0.6417433189124702,0.2892642417749172,0.30078125,0.43120466747900477,0.19776913731328877,0.3171466096844151,0.5124067903089545,0.40201349478592624,0.22146131350249312,0.7208447513462771,0.8248661057167954,0.22146038497666437,0.04904470211401239,300
1,0.6826414522575561,0.26515115729076355,0.30078125,0.4842854811824392,0.2394474341452921,0.3833402048026516,0.6196974676532727,0.5513479209343812,0.2741655428605537,0.7597580923360251,1.1432139949045197,0.27405551918916105,0.07510642759804062,300,1,0.7559251757833549,0.2543993703031549,0.30078125,0.40674680820652165,0.19754577368615095,0.31521656196967074,0.5100522724709297,0.5193988422978688,0.22598616729875046,0.89870666600835,0.9952979412243927,0.22597250393321947,0.05106357253384888,298
2,0.6999614508384187,0.29057353303136996,0.30078125,0.4967531255804378,0.2384272883326764,0.3851398885500149,0.6216528366606466,0.4715446629978019,0.2689101103488183,0.790528258899481,0.9961115746882363,0.2688059554335371,0.07225664167653671,300,1,0.7293615228670913,0.2709373150202303,0.30078125,0.4164329714823918,0.19823026160436052,0.316518830126628,0.5109136019533311,0.5041386189518678,0.22500854238797707,0.8500080360392378,0.9395873165423856,0.22498125559037735,0.0506165653670227,300
3,0.61347725858012,0.2912122669286973,0.30078125,0.5073939578339774,0.23599274177575053,0.38188302352118325,0.6164208087662457,0.4625559160742509,0.264298088480992,0.6360300165910966,0.9179953881001774,0.26429192834025406,0.06985022338580998,300,1,0.839657441896815,0.29305224084534964,0.30078125,0.4124663923439992,0.1945626036265033,0.31377874767363456,0.5062968804689556,0.39143512966460037,0.21878897739802636,0.9483077674283297,0.800551587518596,0.21877974270726142,0.04786457581905551,300
4,0.6374867853177215,0.29180645265853444,0.30078125,0.5216382649573446,0.2384101077795837,0.3857234604581754,0.6248751373587762,0.48553883443136286,0.26736379656065756,0.7123145970144924,0.9499516949150761,0.26735287281505354,0.07147755860246219,299,1,0.7729216690025189,0.29777973611734915,0.30078125,0.4168022713727021,0.19433475597686167,0.3150208742951285,0.5099891058285038,0.400902186588997,0.21844334799073084,0.8095056611488012,0.7736772069316931,0.2184418658701482,0.04771684876483181,300
5,0.51721219244636,0.2989395440963856,0.30078125,0.5180843080585931,0.23732380798134978,0.38487542569876154,0.6213541316228454,0.42485561840259395,0.2650070174374343,0.5313214119032327,0.8631018129173542,0.2650042771848128,0.07022726692624508,300,1,0.8049284023521639,0.29388445238219413,0.30078125,0.41413096874427446,0.19426221423763407,0.3142890106652306,0.5075380859984494,0.3827918639568968,0.218873631716719,0.8476210143728886,0.7868207248899612,0.21887099387044315,0.047904511957835565,300
6,0.5746419641569975,0.2951834948323511,0.30078125,0.5152960965394473,0.23733379337928268,0.3854859928644313,0.6217141617826447,0.48063530626768225,0.2661292258284737,0.6389228624391382,0.948580995044854,0.26612639369521357,0.07082325742121981,300,1,0.7935985396336305,0.2951611497967319,0.30078125,0.40566765653192716,0.1923706751708988,0.3126872724276739,0.5052099918038729,0.4452817198318738,0.21725254261523017,0.8548907554744876,0.8364270599497883,0.21724428166332424,0.047195077915413754,300
0,0.6396066285579494,0.29770302864572457,0.30078125,0.5138122500754465,0.23525227888408465,0.3817892094464766,0.6160519119572797,0.4429646918692913,0.263820138603953,0.6718937239818032,0.8903785206142798,0.26380149210390347,0.06959122723624583,300,0,0.6339561439745212,0.29451481661485224,0.30078125,0.43517230342350083,0.20288535429184443,0.3307945416007688,0.5328959236240457,0.3897883814637266,0.2285471091435958,0.6830529739934281,0.8247014979934277,0.2285332024608725,0.05222742462702214,300
1,1.0473056738710547,0.28765463134105235,0.30078125,0.493789892895093,0.24164627442567854,0.39146449810566136,0.6311688376464071,0.5692287189874387,0.2767258884566485,1.2450049776844285,1.0877066118916676,0.27666408717728824,0.07654301713364214,300,0,1.0592454623252943,0.2764900953382031,0.30078125,0.40595004949913394,0.20520724154516054,0.3277971516567165,0.5287248326819368,0.4825779988739084,0.23517591140859878,1.2860082888452664,0.9788287452316391,0.23517496629850382,0.05530726477350241,300
2,0.8594970535855051,0.25802625266088425,0.30078125,0.5040386649249953,0.2447557755075818,0.38774214033011384,0.6268416049128137,0.56311412562488,0.27827810889179655,1.081640201489227,1.1731675745347605,0.2782718470201971,0.07743522084403198,300,0,0.7660402593071876,0.2730583512546725,0.30078125,0.42578249248116085,0.2059220690775125,0.33044316286628383,0.5323693098080372,0.4673912523674554,0.23459663798533484,0.8923070241452414,0.9145642078402219,0.23456238694963175,0.055019513371508774,300
3,1.0500676934080992,0.2541594846633608,0.30078125,0.4604633706516401,0.24453517269491898,0.375688222301231,0.606513303572631,0.6132379938394101,0.2872572645631476,1.394436231441391,1.28807604934743,0.2872184127282999,0.08249441661016402,296,0,0.9205641506157329,0.23069044628819993,0.30078125,0.4245498445751469,0.21963873348202054,0.31936989630184875,0.5155968338149269,0.5953664025671461,0.26303619644441095,1.1170394578462752,1.2030160112863308,0.2630108315020882,0.06917469748741982,276
4,0.8430177803701104,0.12154714435830626,0.01171875,0.5129187054342552,0.28068945532024486,0.3873998072908967,0.6280300540332152,0.7822549979055041,0.33661780498984456,1.080044115939241,1.7824711525936197,0.3366004760640278,0.11329988048653018,259,0,0.7829541587071214,0.11293390920372744,0.01171875,0.4506980628638762,0.24720502413844828,0.32636167189360504,0.527943913905799,0.9720750669915028,0.3013988303756177,0.8942678197867178,1.672928563237728,0.3013105656458577,0.0907880569698267,245
5,0.5274367090594785,0.29514850879631843,0.30078125,0.5231958112919219,0.23618452693636993,0.3812747849711986,0.61657335447027,0.43333213095237316,0.26409907322488024,0.5885668344512479,0.8655501461408004,0.264093720811958,0.06974549337230442,300,0,0.5350723259550914,0.292786381650692,0.30078125,0.43573802463808126,0.20157746646799843,0.32641234848441236,0.5271097912067657,0.3666715662998154,0.22578063862761547,0.5804953714950473,0.7629962015530325,0.2257546962371515,0.05096518287312854,300
6,0.6005063311426646,0.2975059821224152,0.30078125,0.5130158087832103,0.2377931702784538,0.3879644972239188,0.6268384429815997,0.43710913206800056,0.26739316862238405,0.6112244485446088,0.925661387670212,0.2673931592277164,0.0714991016017789,300,0,0.5416551083172707,0.29524646540222427,0.30078125,0.4176777398910021,0.19893649898849777,0.32427733099976336,0.5243417068466467,0.39924049827029584,0.22462159429804807,0.6024959831252206,0.8154134509023321,0.22458157013029076,0.05043688164218671,300
0,1.3060985466810333,0.2382456385730704,0.30078125,0.12368311761945996,0.06980836275540808,0.09775193992865294,0.15933495388726396,0.28173038701496844,0.08620560933569828,2.1306098282542356,0.509060840383652,0.08620140322204191,0.0074306819174490574,252,2,1.3761018564689653,0.15834594150180245,0.125,0.06044043773132804,0.03397192883494245,0.03905226843021199,0.0627923824301325,0.13704671922611378,0.042068227416053726,2.2220151379162867,0.26417350947730034,0.04206762012623843,0.0017696846630855005,198
1,1.2826985390179342,0.21433125965882824,0.30078125,0.2157189852890644,0.14459372739651813,0.10100065655897908,0.16476018915620055,0.5762633777986487,0.19437045411604714,1.644575987435205,1.2348158716039315,0.19421822901054292,0.0377207204799917,161,2,0.9013821482246596,0.1800241866994723,0.13671875,0.1335363720284367,0.12334445383515523,0.0446535901155184,0.07095928315674409,0.6409891565178231,0.1849056506130821,0.8881585950771455,1.1117515770029072,0.18474841383803223,0.03413197641566881,106
2,1.3006770351538837,0.18538413711411453,0.28125,0.18432449780644977,0.12456392807497661,0.09959766056057939,0.16065015037340524,0.6701847195349343,0.1677036206184256,1.7585591410314956,1.2567447470187938,0.16710830273284447,0.027925184842251993,157,2,0.9374168145239739,0.15492069795539953,0.125,0.103243102369184,0.10101971908053574,0.04381097593619606,0.0693314909369203,0.5914432427361764,0.1575497963258358,0.8604114421880013,1.0645247696183984,0.15710830340537266,0.024683018998914626,121
3,1.0738258522125634,0.03509798723723017,0.015625,0.2735083683945567,0.20045797101364982,0.09229512139760085,0.14977529362675698,0.8151652561800946,0.2779005523628962,1.1912741129073352,1.7329355397751312,0.27771381013585333,0.07712496034017279,107,2,0.6047313585298917,0.01605284337690704,0.01171875,0.23483069383639937,0.19792689667549182,0.04190143956244559,0.06202035302777724,1.0001704838246712,0.2917446246831544,0.544731539068515,1.8289957034393916,0.2915597029550317,0.08500706038722633,51
4,1.1524663838865985,0.07991050081093093,0.01953125,0.254846346823503,0.18005243241914734,0.09176016643052201,0.14645817226052127,0.5838060121014564,0.24149411269537902,1.2883239703405414,1.3888936786406307,0.24147119627923325,0.058308338632523986,117,2,0.7650111178395136,0.03901564801103979,0.015625,0.18265892525523653,0.15482449744033522,0.045627764152948995,0.0719533912484245,0.788816124557117,0.22667946709665882,0.6710796608443838,1.4512008689475557,0.2266792568698298,0.05138348549505828,60
5,1.102488219399988,0.13174575531357274,0.0546875,0.20372431622950435,0.1552429283518773,0.09101673713647715,0.1478416468600952,0.6670360132803507,0.22014112978061057,1.2821094119039071,1.473977203641661,0.22014015637630685,0.04846168844938484,135,2,0.7823112863882655,0.07435496191779324,0.01171875,0.14693123301330618,0.13822070371042372,0.04781941971574684,0.07364978835379744,0.8481704508915215,0.21898391500850578,0.7247638711442068,1.539523450631867,0.21897863131773707,0.047951640973789414,95
6,1.35618244510243,0.21830351660747133,0.30078125,0.1115975896253506,0.06557599103856425,0.09403605896111347,0.15019020418510431,0.2534928969455459,0.0826996743683143,2.1632602135629075,0.616593264258997,0.08251237218250536,0.006808291563184284,264,2,1.3372955637520452,0.07763711991490349,0.0078125,0.06343482459174818,0.03996469755528441,0.03461748342248541,0.05486928659414041,0.13663675794850166,0.05033766672158153,1.9182408751955164,0.29753516421990756,0.04987713313469104,0.002487728409735695,136
0,1.37766881414443,0.24071032429481862,0.30078125,0.15528558112131463,0.0988877718927556,0.10014252549029379,0.16364071045896683,0.3622361969020581,0.12914100485368993,2.0215475632609334,0.7870004994876539,0.12909463068717597,0.016665423672258355,195,1,1.1206479249031833,0.15862714747954465,0.109375,0.11457236273063438,0.09395886690425657,0.04835148244047672,0.07845159771400186,0.5638529391137531,0.13650656024407828,1.2214425227873866,0.9235108481291938,0.13639089481434247,0.018602476188257028,120
1,1.2080307327137403,0.05524887739469709,0.015625,0.23258977321065555,0.1621475432498294,0.09242425042107627,0.14800829020273082,0.8262422760124091,0.21887969483666941,1.4361661911600636,1.5201972987736156,0.21887603713614667,0.04790671963242386,111,1,0.8440467949333068,0.020978502022914052,0.01171875,0.21008561914013024,0.15206091558268725,0.044195347074703885,0.06989786559918025,0.6537692382522085,0.21122698241851415,0.8429953549911501,1.3553914803514397,0.21121477788448803,0.04461168239679362,44
2,1.3223160737523143,0.17039640278940463,0.1796875,0.12894583010603117,0.07486137666922002,0.09908245766211916,0.16051906179270814,0.2696216283489317,0.09393940329163777,1.986167913305592,0.5211018187001474,0.09393648432112245,0.008824063086612483,236,1,1.3247426258075725,0.1331967018784164,0.08203125,0.06340389814957505,0.037573537688676266,0.04278423444564695,0.06922416003044983,0.16912560227850348,0.04833448637073974,2.042301994730379,0.3521356346237209,0.04816256579250114,0.0023196327437170006,196
3,1.2638507021844037,0.024289194320361515,0.01171875,0.22109020003790442,0.1583705763636956,0.10569174906134349,0.17006408197798015,0.5814855042017099,0.2188023103617687,1.5413603728188372,1.3668037471899344,0.21875537707727793,0.04785391500022206,136,1,0.81492670669045,0.0174873984446366,0.015625,0.18402719655151162,0.1521972638690131,0.04652973724622722,0.07394429354664386,0.8236623693046424,0.22102509263142173,0.7614480703567985,1.460773710428365,0.22101767431002461,0.04884881235741212,63
4,1.3165980389078715,0.04180874688694465,0.01171875,0.19973978371446827,0.13592379853092407,0.1038731418895749,0.16966589660766457,0.4641861931023305,0.18207163618398856,1.7273583956888034,1.1985378062201397,0.18204934343596693,0.03314196344546663,155,1,0.930801283996145,0.012769826697854604,0.0078125,0.14869796184286416,0.12193073978641829,0.043961615587159227,0.06955553809895784,0.6502098907244434,0.18114152698951957,0.9774061346344478,1.0845542368003827,0.18111858400400718,0.0328039414716166,98
5,1.3327163888158609,0.23577435318832501,0.30078125,0.12911904268387997,0.07335569880350543,0.10367686227590969,0.16611749812714766,0.22428693674551087,0.09102810781416051,2.1325137760707347,0.5604276937351125,0.0908372478928209,0.008251405604741795,246,1,1.3677612029121544,0.16068356640442513,0.109375,0.06215968449484911,0.03673736677121398,0.0454235980931329,0.07415394247073202,0.16684337220595594,0.046354704210228935,2.1193255964721147,0.34334091064297634,0.0463505715494836,0.0021483754829637984,211
6,1.1387129427395668,0.20078239823805594,0.296875,0.21996431322167656,0.18243831638528668,0.11177323961557602,0.1780144267532766,0.9316295760606781,0.26313912672531964,1.216468662302598,1.6723763738080393,0.26305628399844355,0.0691986085510698,159,1,0.6982710499094318,0.0920074425684861,0.03515625,0.16965879603298295,0.1731808747280976,0.04695836969198084,0.0716899403832697,0.6903308962318245,0.26743939624815394,0.5091224839769188,1.6173585271206719,0.2673340020582152,0.07146746865646184,99
0,1.1156604385620317,0.03844793668642052,0.0078125,0.33983827072347594,0.19974812568862935,0.10298029107668497,0.16513663946430893,0.9960468879230002,0.25879827689055046,1.296239244600496,1.8793447286566924,0.2570914249516817,0.06609600078368617,57,0,0.7629266459677067,0.014149012038184482,0.0078125,0.3507672437549315,0.20261830275692033,0.04795866523135717,0.07457215767490633,0.7247509904305727,0.2627091989667154,0.6848166698240632,1.6557693100547168,0.2613236122939175,0.06829003034234171,33
1,1.1457970245535134,0.22619778855294803,0.296875,0.1891932373981214,0.15195572160805365,0.11738187005508362,0.18745626200453408,0.7286536289388842,0.23287231473692233,1.349291752471888,1.7287859199796043,0.23267412329438683,0.05413724765081153,201,0,0.8341933847214449,0.07807285765594575,0.0078125,0.121641685571243,0.1296856610158473,0.05237438676028178,0.08081056941162804,0.8065970101596512,0.21920784815357938,0.8104452654925766,1.5711874576780565,0.21915427931394088,0.04802859814161282,113
2,1.2307931412161741,0.09285278288252861,0.0078125,0.23205957790882048,0.151607599105426,0.10110169709769766,0.16215277165050007,0.859590895321892,0.20324483915776415,1.4923939433531281,1.3683550408668101,0.20320409798585812,0.04129190543824623,133,0,0.9115762126451883,0.054086639884220786,0.0078125,0.1732126420394774,0.14568683035198832,0.05056660385505951,0.07637287297618753,0.6189387439333504,0.21526177196400334,0.8986012912283132,1.4448340579791532,0.21491474505461441,0.046188347641889914,71
3,1.3545333091789713,0.08137777282781439,0.0078125,0.1647565506611158,0.09471687436779351,0.09959938655928822,0.1611148750325236,0.35387074436854277,0.1195483981225201,2.011285373630346,0.6618023783321536,0.11919111943681497,0.014206522952601091,198,0,1.2200542589765035,0.020226347825462978,0.0078125,0.12242953604534548,0.08714216790179176,0.04196436333297238,0.06796174017104138,0.25168719236332465,0.11701263109268928,1.3564268988075359,0.6071356481766231,0.11626067269424922,0.013516544015319348,105
4,1.1783294479371085,0.03850901101961472,0.0078125,0.34727266234310433,0.21754996400365742,0.09853839267511111,0.16056848868825324,0.7037120094272972,0.2772402039528184,1.3019995436591756,1.5622602642601515,0.27711233592385265,0.07679124672117417,63,0,0.7354971883449557,0.01717480616433316,0.0078125,0.3320975630300068,0.21878341075473356,0.04734224592458916,0.07094318562509491,0.8271439235564944,0.28450887006805514,0.6847018328592451,1.5593394242311236,0.2843989599031607,0.08088276839399962,37
5,1.2379293193728405,0.031726756696050476,0.0078125,0.2142022380684416,0.15882063307657052,0.10497789418157898,0.1712858424631951,0.5356644531213439,0.21965086969588232,1.43043687599275,1.2867086707923665,0.21951445119552945,0.04818659428367448,144,0,0.9309947614699796,0.010907099268951838,0.0078125,0.1745543066130562,0.13962094866497038,0.04957075518257301,0.07781737448543422,0.7264051985658992,0.20255080079282248,0.9396552821406479,1.2685380354788178,0.20238755070993958,0.04096072068236836,94
6,1.1990016191658128,0.02999850494847034,0.01171875,0.22726529053449945,0.16174533456556822,0.10652940468820404,0.17545318357174242,0.7509293449742684,0.22890944545429034,1.4771733912941278,1.5417643052183871,0.22888663894772954,0.052389093488788306,136,0,0.7352404557766485,0.014178685844885353,0.01171875,0.19329985563221377,0.15918513126247624,0.0466619508630523,0.0695138930240292,0.8640802018666417,0.23867767581569224,0.6965752211059916,1.6359628983219916,0.23863187582096687,0.05694517215783335,57
